Guide_sequence,Target_sequence,PAM,Score,Indel_accu%,Identity
GTTGGAGAAGCTGCAGGTGAAGG,TGTGGAGAAGCCACAGGTGAGGG,GGG,10144,,OFF
GTTTCTTGGGATCCACCACCAGG,GTTTCTTGGGATCCACCACCAGG,AGG,1553,,ON
GTTTGCGACTCTGACAGAGCTGG,GTTTGCGACTCTGACAGAGCTGG,TGG,8448,,ON
TAGAGGACTGTTACCTTAATAGG,TAGAGGACTGTTACCTTAATAGG,AGG,2034,,ON
TCACAGTTCGGGGGTATACATGG,TCACAGTTGAGGGGATACTGGG,GGG,1.275,-0.005,OFF
TCATCTCCAATATGGTATGGCGG,TCATCTCCAATATGGTATGGCGG,CGG,46832,,ON
TCCGCTTTAACCCCCACCTCCAG,TCCGCTTTAACCCCCACCTCCAG,CAG,15799,,ON
TCCGTGGATAGAGCTTCCATCTGGAAT,TCCGTGGATAGAGCTTCCATCTGGAAT,TGGAAT,18,,ON
TGAGAAGCCTGGCTGAATTAAGG,GGATGGAGGGAGTTTGCTCCTGG,TGG,6730,,OFF
TGCAGATCACGAGGGAAGAGGGGGAAGGGATT,TGCAGATCACGAGGGAAGAGGGGGAAGGGATT,AAGGGATT,1557,35.32,ON
TGTAGACTGCCAAAGTGTATGGG,TGTAGACTGCCAAAGTGTATGGG,GGG,2043,92.9,ON
TGTGCTAGACATGAGGTCTATGG,TGTGCTAGACATGAGGTCTATGG,TGG,7778,,ON
TTGATAACGGATACAGGTGAGAC,TTGATAACGGATACAGGTGAGAC,GAC,4457,,ON
TTTGTCTAAAACCCTGTAAGGAA,TTTGTCTAAAACCCTGTAAGGAA,GAA,100,,ON